"id","cat","1","pa","name","fg_key"
"424144","pitcher",4.67611962044201e-38,142,"Oliver Perez","1514"
"425794","pitcher",-4.69541044492211e-39,558,"Adam Wainwright","2233"
"425844","pitcher",1.92101176862008e-38,580,"Zack Greinke","1943"
"430935","pitcher",-5.8618687278668e-38,28,"Cole Hamels","4972"
"433589","pitcher",-1.02356951210393e-39,198,"Yusmeiro Petit","4020"
"434378","pitcher",6.17107663294068e-38,42,"Justin Verlander","8700"
"434671","pitcher",-3.07858838123366e-38,488,"Anibal Sanchez","3284"
"435522","pitcher",8.33403541345079e-38,6,"Neil Walker","7539"
"444468","pitcher",-3.58452529475942e-38,190,"Hector Rondon","2391"
"445213","pitcher",1.29675194079859e-38,212,"Brandon Kintzler","9939"
"445276","pitcher",6.38837398938989e-38,214,"Kenley Jansen","3096"
"445926","pitcher",-6.93242026898457e-38,154,"Jesse Chavez","5448"
"446321","pitcher",1.89609002027131e-38,160,"Ross Detwiler","2859"
"446372","pitcher",8.09833474344601e-38,6,"Corey Kluber","2429"
"448179","pitcher",-1.91874323402668e-38,312,"Rich Hill","4806"
"448281","pitcher",-1.19535746764628e-37,68,"Sean Doolittle","1581"
"448855","pitcher",3.89118567814408e-39,202,"Junior Guerra","5702"
"450172","pitcher",-5.80738577314932e-38,52,"Edinson Volquez","3990"
"450203","pitcher",1.82992557957086e-38,342,"Charlie Morton","4676"
"451584","pitcher",-1.52996981163225e-37,48,"Wade Davis","7441"
"452657","pitcher",-4.21862853189438e-38,530,"Jon Lester","4930"
"453172","pitcher",-4.19316318824118e-39,214,"Jared Hughes","9325"
"453178","pitcher",-4.6245291175937e-38,136,"Ian Kennedy","6986"
"453192","pitcher",8.92981060587799e-38,118,"Andrew Miller","6785"
"453265","pitcher",2.52530795991913e-38,146,"Tony Watson","3132"
"453268","pitcher",1.20426624160153e-38,208,"Daniel Bard","7115"
"453281","pitcher",6.59755680210986e-40,206,"Wade LeBlanc","5221"
"453284","pitcher",5.96406677948947e-38,134,"Blake Parker","5224"
"453286","pitcher",4.34628267823441e-39,590,"Max Scherzer","3137"
"453343","pitcher",4.09166216242862e-38,196,"Mark Melancon","4264"
"453562","pitcher",-3.68339475970667e-38,380,"Jake Arrieta","4153"
"453943","pitcher",-3.29472533611765e-37,6,"Todd Frazier","785"
"455119","pitcher",4.40695156749739e-38,142,"Chris Martin","11847"
"456124","pitcher",-1.38118266602109e-37,18,"Erik Kratz","4403"
"456501","pitcher",-1.16336416138985e-38,554,"Johnny Cueto","6893"
"456701","pitcher",-2.42662141646559e-38,66,"Homer Bailey","8362"
"457915","pitcher",-3.54530429186147e-39,140,"Javy Guerra","7407"
"457918","pitcher",4.11431201664284e-38,394,"J. A. Happ","7410"
"458676","pitcher",1.23911320007472e-38,384,"Josh Lindblom","7882"
"458677","pitcher",3.61726876497178e-38,170,"Justin Wilson","4301"
"458681","pitcher",4.26224012015542e-38,688,"Lance Lynn","2520"
"458708","pitcher",-4.03934972573222e-39,322,"Josh Tomlin","9388"
"459429","pitcher",7.83561939637734e-38,158,"Jake McGee","7550"
"460077","pitcher",-2.23928827673637e-37,16,"Drew Butera","3411"
"461325","pitcher",4.85446389295117e-38,196,"Tyler Clippard","5640"
"461829","pitcher",-3.90661861906215e-38,306,"Gio Gonzalez","7448"
"465657","pitcher",3.66432697419001e-38,202,"Joakim Soria","6941"
"467008","pitcher",3.49792927280126e-38,28,"Pedro Strop","4070"
"467100","pitcher",-8.30552407422799e-38,176,"Ivan Nova","1994"
"468504","pitcher",-8.83818254284757e-39,48,"Jhoulys Chacin","2608"
"471911","pitcher",1.95583957488859e-38,588,"Carlos Carrasco","6632"
"472610","pitcher",-8.26337312014745e-38,88,"Luis Garcia","6984"
"474463","pitcher",-6.16447702739122e-39,406,"Brett Anderson","8223"
"475054","pitcher",2.43763343515793e-38,78,"Chaz Roe","9866"
"475479","pitcher",-2.19986363476571e-39,170,"David Phelps","6316"
"476454","pitcher",-2.73778109270625e-38,120,"Dellin Betances","6216"
"476594","pitcher",-1.14169108414063e-38,124,"Robert Stock","6576"
"477132","pitcher",6.75962043263639e-38,496,"Clayton Kershaw","2036"
"488748","pitcher",-1.00730591165922e-37,58,"Ryan Buchter","9456"
"488984","pitcher",-2.52674194138211e-38,204,"Tommy Hunter","1157"
"489119","pitcher",-3.52066111856061e-38,134,"Wade Miley","8779"
"489265","pitcher",4.14027523976782e-41,186,"Sergio Romo","9817"
"489334","pitcher",4.08837168630878e-38,232,"Craig Stammen","7274"
"489446","pitcher",-5.71558011696399e-38,50,"Kirby Yates","9073"
"491624","pitcher",3.8477614728735e-38,106,"Cesar Valdez","9013"
"493603","pitcher",2.47977546177973e-38,170,"Adam Ottavino","1247"
"500610","pitcher",-2.02655712658566e-38,72,"Deolis Guerra","8410"
"500779","pitcher",2.86165456708094e-38,84,"Jose Quintana","11423"
"501303","pitcher",-4.10498336571597e-37,10,"Ehire Adrianza","8418"
"501381","pitcher",4.07607868277413e-38,222,"Michael Pineda","5372"
"501593","pitcher",-4.46869807031527e-38,78,"Luis Avilan","2882"
"501625","pitcher",-5.90338868987758e-39,56,"Jose Alvarez","5358"
"501789","pitcher",-2.15601899048869e-38,168,"Will Harris","3192"
"501985","pitcher",4.8009855934975e-39,478,"Mike Minor","10021"
"502026","pitcher",-6.80933327651782e-39,190,"Jeremy Jeffress","9490"
"502043","pitcher",-3.74993762009212e-38,600,"Kyle Gibson","10123"
"502154","pitcher",6.89008612221564e-38,164,"Zack Britton","3240"
"502171","pitcher",-5.3501354851925e-38,454,"Alex Cobb","6562"
"502179","pitcher",-1.13566046251622e-37,54,"Paolo Espino","8246"
"502188","pitcher",-5.754379638939e-38,154,"Jeff Samardzija","3254"
"502202","pitcher",-8.68240716039196e-39,166,"Brad Boxberger","10133"
"502239","pitcher",1.58800680955961e-38,214,"Trevor Cahill","6249"
"502578","pitcher",-5.90103688935152e-38,16,"Aaron Barrett","11243"
"502624","pitcher",-5.65377612176373e-38,308,"Chase Anderson","6895"
"502706","pitcher",-5.73788219550765e-38,358,"Derek Holland","4141"
"502748","pitcher",-4.24284241573962e-38,24,"Brad Peacock","5401"
"503285","pitcher",5.98968517323079e-38,140,"Darren O'Day","3321"
"503569","pitcher",3.54090509711582e-38,206,"Rafael Dolis","4185"
"504379","pitcher",-2.077285813715e-37,22,"Juan Nicasio","7731"
"506433","pitcher",4.72313688383692e-38,642,"Yu Darvish","13074"
"516969","pitcher",-7.51083399186077e-38,22,"Kelvin Herrera","6033"
"517008","pitcher",5.2497858341013e-38,194,"Alex Colome","6661"
"518397","pitcher",-1.82615507140541e-38,102,"Scott Alexander","10591"
"518489","pitcher",1.18192719602398e-38,220,"Ryan Brasier","5615"
"518516","pitcher",-8.81594305207496e-38,376,"Madison Bumgarner","5524"
"518553","pitcher",-3.94066731838316e-38,186,"Steve Cishek","6483"
"518586","pitcher",3.00849521690684e-37,2,"Charlie Culberson","3298"
"518617","pitcher",7.93342828824219e-38,180,"Jake Diekman","5003"
"518633","pitcher",-4.54304207977628e-39,484,"Danny Duffy","3542"
"518649","pitcher",-2.17653497049363e-37,40,"Brett Eibner","11369"
"518693","pitcher",-5.93311329491909e-39,48,"Sam Freeman","6832"
"518715","pitcher",3.5336466793082e-38,14,"Cory Gearrin","7947"
"518748","pitcher",-7.41938311701006e-38,54,"Justin Grimm","11720"
"518774","pitcher",-1.43550571282787e-37,130,"Matt Harvey","11713"
"518813","pitcher",6.36392838548704e-38,222,"Greg Holland","7196"
"518858","pitcher",-2.25819350612862e-38,170,"Nate Jones","4696"
"518876","pitcher",1.485891164458e-38,248,"Merrill Kelly","11156"
"518886","pitcher",-1.01269371215966e-38,148,"Craig Kimbrel","6655"
"519008","pitcher",-3.95027933078508e-38,184,"T. J. McFarland","3237"
"519141","pitcher",9.10841059996965e-38,170,"Drew Pomeranz","11426"
"519144","pitcher",-2.30371341976292e-38,522,"Rick Porcello","2717"
"519151","pitcher",6.77459168695902e-38,186,"Ryan Pressly","7005"
"519293","pitcher",7.32304062479114e-39,138,"Will Smith","8048"
"519326","pitcher",5.86240750630959e-38,32,"Hunter Strickland","7836"
"519381","pitcher",8.90129330858561e-38,30,"Pat Venditte","7108"
"519393","pitcher",-1.53372303555942e-37,144,"Marcus Walden","8004"
"519443","pitcher",-7.00970319283256e-38,198,"Brandon Workman","11428"
"519455","pitcher",-1.97833768498043e-38,58,"Jordan Zimmermann","4505"
"520980","pitcher",4.97853969925244e-38,140,"Pedro Baez","5420"
"521230","pitcher",6.50054474573956e-38,210,"Liam Hendriks","3548"
"521655","pitcher",-4.7652001900431e-38,170,"Wilmer Font","5257"
"523253","pitcher",-5.97662700110877e-38,12,"Logan Forsythe","7185"
"523260","pitcher",1.01538506961088e-38,86,"Joe Kelly","9761"
"527048","pitcher",-6.14577769218657e-39,526,"Martin Perez","6902"
"527054","pitcher",-1.04353515560612e-37,298,"Julio Teheran","6797"
"528748","pitcher",-1.83009185859201e-39,102,"Humberto Castellanos",NA
"532077","pitcher",2.19992662153214e-38,32,"Roberto Osuna","13764"
"533167","pitcher",-8.38969272165604e-39,252,"Matt Shoemaker","4776"
"534910","pitcher",9.1531166669212e-38,130,"Jesse Hahn","13287"
"541640","pitcher",1.55132088723041e-38,106,"Erasmo Ramirez","10314"
"542585","pitcher",8.37444825306464e-39,246,"Jose Cisnero","6399"
"542881","pitcher",-1.28600462613568e-38,520,"Tyler Anderson","12880"
"542882","pitcher",2.95034335808138e-38,252,"Matt Andriese","12022"
"542888","pitcher",4.02906318350042e-38,114,"Shawn Armstrong","12857"
"542914","pitcher",9.78531310907079e-38,204,"Anthony Bass","7982"
"542947","pitcher",2.0526353879928e-38,138,"Richard Bleier","7803"
"542960","pitcher",-1.34964062170426e-38,118,"Brad Brach","6627"
"543022","pitcher",-2.55204029812537e-38,172,"Tyler Chatwood","4338"
"543037","pitcher",5.53495968999774e-38,630,"Gerrit Cole","13125"
"543056","pitcher",-4.30637227563711e-38,26,"Danny Coulombe","13293"
"543101","pitcher",-5.72861800596119e-38,316,"Anthony DeSclafani","13050"
"543118","pitcher",5.44387387764346e-38,88,"Oliver Drake","8823"
"543135","pitcher",9.19653869149705e-39,398,"Nathan Eovaldi","9132"
"543208","pitcher",-1.13146462672984e-37,34,"Sam Gaviglio","12778"
"543219","pitcher",-6.53396742915658e-38,48,"Sean Gilmartin","12781"
"543243","pitcher",1.95632561053272e-38,470,"Sonny Gray","12768"
"543272","pitcher",6.5228761491002e-38,184,"Brad Hand","9111"
"543294","pitcher",4.35989603986239e-38,686,"Kyle Hendricks","12049"
"543339","pitcher",3.49585363925643e-39,184,"Daniel Hudson","7146"
"543475","pitcher",-2.59814544950087e-38,534,"Jordan Lyles","7593"
"543483","pitcher",-1.33051670838287e-38,90,"Matt Magill","3950"
"543507","pitcher",4.51495218285899e-38,204,"Trevor May","6398"
"543548","pitcher",-1.46804833900346e-38,362,"Tommy Milone","7608"
"543557","pitcher",-9.9540040974711e-38,46,"Mike Montgomery","4869"
"543606","pitcher",-8.625148571678e-38,120,"Jake Odorizzi","6397"
"543699","pitcher",-5.97851854553814e-38,440,"Tanner Roark","8753"
"543734","pitcher",-1.5611624383593e-37,34,"Chris Rusin","9895"
"543766","pitcher",-9.42370004628976e-38,76,"Bryan Shaw","8110"
"543867","pitcher",2.14310812159387e-38,182,"Nik Turley","5530"
"543883","pitcher",-5.27728947819684e-38,184,"Nick Vincent","7555"
"543901","pitcher",-2.95002620571637e-38,370,"Ryan Weber","10160"
"544727","pitcher",-1.23719532493755e-39,236,"Jeurys Familia","5114"
"544928","pitcher",-3.26374796268957e-37,20,"Tyler Lyons","11334"
"544931","pitcher",9.67577064000054e-39,46,"Stephen Strasburg","10131"
"545064","pitcher",-1.27076681508861e-37,210,"Jairo Diaz","12774"
"545333","pitcher",1.03398904225756e-37,608,"Trevor Bauer","12703"
"547179","pitcher",5.40562150936683e-38,318,"Michael Lorenzen","14843"
"547888","pitcher",8.95004826576812e-39,436,"Masahiro Tanaka","15764"
"547942","pitcher",9.79419139950607e-39,340,"Kwang Hyun Kim",NA
"547943","pitcher",4.21889821591581e-38,580,"Hyun Jin Ryu","14444"
"547973","pitcher",6.67665554150262e-38,104,"Aroldis Chapman","10233"
"548384","pitcher",3.8605081548308e-38,174,"Brooks Raley","10061"
"548389","pitcher",-4.92687815383169e-38,454,"Ross Stripling","13273"
"552640","pitcher",-3.99682484925368e-38,62,"Andrew Kittredge","12828"
"554340","pitcher",7.85648504267709e-38,134,"Yimi Garcia","12095"
"554430","pitcher",3.35323372850586e-38,572,"Zach Wheeler","10310"
"554431","pitcher",7.81090970424953e-38,254,"Tyler Matzek","10058"
"570240","pitcher",3.42365146170334e-38,230,"Felix Pena","13403"
"570257","pitcher",4.03865617592956e-38,104,"Joely Rodriguez","11487"
"570488","pitcher",8.58471306610131e-39,276,"Phillips Valdez","15605"
"570560","pitcher",-2.0724795883218e-37,8,"Carlos Sanchez","11602"
"570632","pitcher",-3.11666177244252e-38,208,"Jose Urena","11589"
"570663","pitcher",-6.77955575523562e-38,160,"Hansel Robles","11801"
"570666","pitcher",1.32734585675889e-38,204,"Luis Cessa","13345"
"571510","pitcher",-2.67246094832119e-38,542,"Matt Boyd","15440"
"571521","pitcher",1.00055460735597e-38,30,"Rex Brothers","9794"
"571578","pitcher",-2.41031616538167e-38,588,"Patrick Corbin","9323"
"571602","pitcher",-2.74299808213326e-37,30,"Matt Davidson","7226"
"571616","pitcher",1.4630610454944e-37,6,"Matt Dermody","14844"
"571656","pitcher",-1.58821659424052e-38,178,"Buck Farmer","14814"
"571666","pitcher",-1.62258221035929e-38,538,"Mike Fiers","7754"
"571670","pitcher",4.15793870508938e-38,194,"Dylan Floro","13394"
"571676","pitcher",4.3153250636063e-38,32,"Seth Frankoff","11346"
"571704","pitcher",-8.82355936225912e-38,36,"Ken Giles","12910"
"571710","pitcher",2.19802347903898e-38,188,"Mychal Givens","10430"
"571735","pitcher",-5.82227218113205e-38,150,"David Hale","9756"
"571760","pitcher",7.97485342266336e-40,556,"Andrew Heaney","15423"
"571788","pitcher",-2.27168237714913e-37,20,"Brock Holt","9345"
"571858","pitcher",1.74158787157315e-38,40,"Branden Kline","14101"
"571901","pitcher",1.73176827123187e-38,198,"Aaron Loup","10343"
"571927","pitcher",-6.92593914847192e-38,286,"Steven Matz","13361"
"571948","pitcher",-5.23078031674129e-38,118,"Hoby Milner","13346"
"571974","pitcher",-8.09766843811593e-38,6,"J. R. Murphy","10346"
"572020","pitcher",5.83599787642817e-39,180,"James Paxton","11828"
"572021","pitcher",-1.20016128928787e-37,60,"James Pazos","13323"
"572070","pitcher",-1.74394020190186e-39,434,"Garrett Richards","9784"
"572096","pitcher",8.085529780708e-38,212,"Trevor Rosenthal","10745"
"572125","pitcher",5.32499941807315e-38,164,"Sam Selman","13397"
"572143","pitcher",9.98309292702687e-38,88,"Burch Smith","12784"
"572193","pitcher",3.41149361623423e-38,184,"Ryan Tepera","10291"
"572362","pitcher",-2.85238210320064e-38,242,"Robbie Erlin","10354"
"572383","pitcher",-7.22102499920282e-38,54,"Brian Moran","9646"
"572703","pitcher",-6.1318900144137e-38,46,"Luke Bard","14288"
"572888","pitcher",3.02877218539414e-38,222,"Shane Greene","10756"
"572955","pitcher",3.31462244370909e-38,182,"Pierce Johnson","13435"
"572971","pitcher",8.50969678546094e-41,550,"Dallas Keuchel","9434"
"573009","pitcher",-9.3451697277593e-38,30,"Joe Mantiply","14857"
"573046","pitcher",6.07885064205298e-38,24,"Mike Morin","13442"
"573109","pitcher",-1.43563799525795e-37,30,"AJ Ramos","8350"
"573124","pitcher",2.70318536700836e-38,194,"Taylor Rogers","13449"
"573204","pitcher",4.21069917889755e-38,168,"Caleb Thielbar","10078"
"576397","pitcher",-7.08762730235565e-38,8,"Jedd Gyorko","10816"
"579328","pitcher",3.86470655741781e-38,388,"Yusei Kikuchi","20633"
"580792","pitcher",-4.51787292064036e-38,110,"Nick Goody","13685"
"592094","pitcher",6.35431452953035e-38,116,"Jason Adam","11861"
"592135","pitcher",2.49208794176707e-38,118,"Cam Bedrosian","13360"
"592145","pitcher",9.63053121717424e-38,8,"Jesse Biddle","11437"
"592165","pitcher",-6.74001283782701e-38,64,"Brandon Brennan","13527"
"592169","pitcher",-1.10379381515938e-38,176,"Austin Brice","17237"
"592222","pitcher",4.73788296585746e-38,162,"Alex Claudio","12890"
"592229","pitcher",1.40898804459473e-38,120,"Dylan Covey","14825"
"592233","pitcher",8.47726474047143e-39,210,"Stefan Crichton","16058"
"592254","pitcher",-7.67558089206606e-38,66,"Jose De Leon","15463"
"592314","pitcher",-1.1528062074182e-37,32,"Mike Foltynewicz","10811"
"592332","pitcher",2.89496792981058e-38,492,"Kevin Gausman","14107"
"592346","pitcher",-4.43471138341014e-38,182,"Chi Chi Gonzalez","14663"
"592351","pitcher",-4.04581488080973e-38,348,"Jon Gray","14916"
"592390","pitcher",-1.06456794750494e-37,180,"Heath Hembree","11632"
"592407","pitcher",-1.5673761402466e-37,6,"Bryan Holaday","11287"
"592426","pitcher",-8.72961996966706e-39,264,"Luke Jackson","11752"
"592454","pitcher",2.01061937219073e-37,10,"Tommy Kahnle","11384"
"592464","pitcher",-4.49919741598358e-38,138,"Mike Kickham","11618"
"592473","pitcher",7.30186214758249e-38,144,"Adam Kolarek","10843"
"592499","pitcher",4.14846084923509e-38,36,"Artie Lewicki","16731"
"592612","pitcher",2.1214969697649e-38,172,"Josh Osich","11528"
"592644","pitcher",-2.31408892941411e-38,232,"Adam Plutko","15846"
"592662","pitcher",-4.91254594381793e-38,522,"Robbie Ray","11486"
"592741","pitcher",3.79193880024193e-38,204,"Chasen Shreve","10855"
"592761","pitcher",-2.66337686183812e-38,122,"Caleb Smith","14875"
"592767","pitcher",3.07525837457671e-38,222,"Drew Smyly","11760"
"592773","pitcher",-4.19091075387496e-38,94,"Ryne Stanek","15947"
"592804","pitcher",-2.31257544814109e-39,64,"Tyler Thornburg","10688"
"592811","pitcher",-5.15803547386328e-38,78,"Andrew Triggs","13533"
"592826","pitcher",2.81883268230482e-39,306,"Vince Velasquez","11189"
"592833","pitcher",-1.83114852348259e-37,22,"Bobby Wahl","14832"
"592836","pitcher",-1.87773070892609e-38,450,"Taijuan Walker","11836"
"592858","pitcher",1.82947998409562e-39,146,"Rowan Wick","14646"
"592865","pitcher",1.68854024574463e-38,132,"Taylor Williams","14899"
"592866","pitcher",-1.76066336175387e-38,504,"Trevor Williams","16977"
"592879","pitcher",-4.53652656239081e-38,336,"Asher Wojciechowski","10836"
"593140","pitcher",-1.36384455580624e-37,24,"Michael Feliz","11903"
"593144","pitcher",3.38555930158839e-38,186,"Richard Rodriguez","13549"
"593372","pitcher",-4.41411432426339e-38,204,"Carlos Martinez","11682"
"593423","pitcher",2.37500445047641e-39,490,"Frankie Montas","14309"
"593576","pitcher",1.64611751276848e-38,202,"Hector Neris","11804"
"593619","pitcher",1.06988848218322e-37,38,"Domingo Tapia",NA
"593833","pitcher",2.23224666903438e-38,200,"Wander Suero","15855"
"593974","pitcher",-1.56174828028738e-38,228,"Wandy Peralta","14295"
"594577","pitcher",8.21504586974673e-38,242,"Mike Mayers","15451"
"594795","pitcher",2.15716626352694e-38,232,"Grant Dayton","11203"
"594798","pitcher",6.9119149153029e-38,538,"Jacob deGrom","10954"
"594835","pitcher",2.30155182230134e-38,554,"Marco Gonzales","15467"
"594840","pitcher",-8.10860751203736e-38,20,"Matt Grace","11449"
"594965","pitcher",-2.6030672464549e-38,298,"Daniel Ponce de Leon","16110"
"594986","pitcher",8.13797892637115e-39,132,"Kyle Ryan","11753"
"594987","pitcher",6.99772274333482e-41,172,"Casey Sadler","11209"
"595001","pitcher",-1.05646927143431e-38,238,"Josh Smith","10946"
"595014","pitcher",6.04855149419728e-38,222,"Blake Treinen","12572"
"595411","pitcher",7.18555839280955e-38,68,"Ryan Sherriff","12249"
"595465","pitcher",-1.20352872394127e-38,160,"Dan Winkler","12237"
"595897","pitcher",1.38031882459997e-40,20,"Nick Burdi","16074"
"595918","pitcher",7.14956066593082e-38,192,"A. J. Cole","11467"
"595928","pitcher",3.06930025796237e-38,198,"John Curtiss","16128"
"596001","pitcher",-3.89445373815481e-38,226,"Jakob Junis","13619"
"596027","pitcher",-1.62363910859991e-37,18,"Dillon Maples","14672"
"596035","pitcher",7.91917820026663e-39,58,"Reggie McClain","19311"
"596043","pitcher",3.26863908084969e-39,116,"Daniel Mengden","16980"
"596057","pitcher",2.60725750027148e-38,232,"Daniel Norris","13475"
"596071","pitcher",-1.24199470824036e-37,18,"Dillon Peters","18790"
"596101","pitcher",-1.77920550709628e-37,60,"Justin Shafer","16132"
"596112","pitcher",-5.25121752237521e-38,86,"Robert Stephenson","13594"
"596133","pitcher",-4.5354163854751e-39,476,"Luke Weaver","16918"
"596295","pitcher",1.38257348647187e-38,252,"Austin Gomber","16561"
"596720","pitcher",-4.17133895288506e-38,178,"Dovydas Neverauskas","11604"
"598264","pitcher",-2.65872827639696e-38,202,"Matt Barnes","12863"
"598286","pitcher",1.82487737719151e-38,92,"Nick Ramirez","12575"
"598287","pitcher",1.69796453073134e-38,168,"Noe Ramirez","12800"
"600887","pitcher",-2.45580275019936e-37,48,"Miguel Del Pozo","18792"
"600917","pitcher",1.13518078493177e-38,20,"Jose Leclerc","14524"
"600968","pitcher",-1.38688034658099e-37,42,"Randy Rosario","14508"
"601713","pitcher",-4.15942853019157e-38,142,"Nick Pivetta","15454"
"605130","pitcher",9.15602616711171e-39,246,"Scott Barlow","14993"
"605135","pitcher",2.27361787896883e-38,580,"Chris Bassitt","12304"
"605138","pitcher",2.08504976168785e-38,196,"Wes Benjamin",NA
"605143","pitcher",-1.03403151703938e-38,28,"Ray Black","14244"
"605151","pitcher",8.16417978590914e-39,152,"Archie Bradley","12918"
"605155","pitcher",-1.06433795183375e-37,244,"Colten Brewer","12997"
"605164","pitcher",5.14658943997232e-38,534,"Dylan Bundy","12917"
"605177","pitcher",-6.92607140084589e-39,90,"Andrew Chafin","12988"
"605182","pitcher",-9.85257285010411e-39,328,"Mike Clevinger","12808"
"605195","pitcher",-9.71288828442663e-39,58,"Kyle Crick","13182"
"605200","pitcher",-2.40642862989901e-38,576,"Zach Davies","13183"
"605218","pitcher",1.7367534077483e-37,34,"Carl Edwards","13607"
"605240","pitcher",1.577851972188e-38,162,"Jace Fry","16159"
"605242","pitcher",-8.95157889172081e-38,272,"Michael Fulmer","13218"
"605276","pitcher",-6.91054791101483e-38,64,"David Hess","16130"
"605280","pitcher",6.86962823434037e-38,12,"Clay Holmes","13649"
"605288","pitcher",-5.29884170323663e-39,510,"Adrian Houser","12718"
"605309","pitcher",1.4551301941583e-37,20,"Keone Kela","14696"
"605335","pitcher",6.79375697565925e-39,70,"Brandon Leibrandt",NA
"605347","pitcher",-2.97499287969633e-38,346,"Jorge Lopez","14527"
"605359","pitcher",5.90332605492752e-38,214,"Evan Marshall","12297"
"605388","pitcher",-2.79841630135995e-38,116,"Adam Morgan","12580"
"605397","pitcher",5.05129000560416e-38,334,"Joe Musgrove","12970"
"605400","pitcher",3.98658520520622e-38,574,"Aaron Nola","16149"
"605441","pitcher",7.91777554138385e-39,34,"Yacksel Rios","15007"
"605446","pitcher",-2.29918162553329e-37,48,"Dereck Rodriguez","14509"
"605447","pitcher",7.01935082778348e-38,114,"Jordan Romano","16122"
"605479","pitcher",-3.12807458262901e-38,20,"Josh Smith","13629"
"605482","pitcher",4.27955273187619e-39,162,"Cy Sneed","16106"
"605483","pitcher",2.14951694875925e-38,444,"Blake Snell","13543"
"605488","pitcher",-2.30389876091762e-38,196,"Jeffrey Springs","17677"
"605498","pitcher",-1.62435003411816e-37,84,"Andrew Suarez","18300"
"605501","pitcher",-9.73859859362674e-39,102,"Stephen Tarpley","15859"
"605513","pitcher",-2.97313333383522e-38,482,"Spencer Turnbull","16207"
"605525","pitcher",4.57972805633752e-38,236,"J. B. Wendelken","14506"
"605538","pitcher",6.67297326477256e-38,214,"Matt Wisler","12804"
"605540","pitcher",6.5452955140005e-38,624,"Brandon Woodruff","16162"
"606115","pitcher",-1.47204523811117e-37,22,"Orlando Arcia","13185"
"606131","pitcher",-1.23133267926574e-38,148,"Luis Perdomo","14682"
"606149","pitcher",-5.97523817286416e-39,134,"Giovanny Gallegos","14986"
"606160","pitcher",-1.64703967811474e-38,144,"Rafael Montero","12760"
"606299","pitcher",-3.21054652540382e-37,6,"Jose Peraza","13593"
"606303","pitcher",-2.29346544341541e-37,26,"Joel Payamps","14332"
"606424","pitcher",3.80661071828328e-38,146,"Jarlin Garcia","18282"
"606930","pitcher",6.51581999342409e-40,156,"Jacob Barnes","12323"
"606944","pitcher",-1.1511170513035e-37,42,"Cody Carroll","17664"
"606965","pitcher",-1.21938094969479e-38,42,"Chris Devenski","12763"
"606996","pitcher",-1.65563141946404e-37,134,"Kyle Hart",NA
"607067","pitcher",-1.04548054568312e-38,124,"Colin Rea","12317"
"607074","pitcher",-6.2634378872389e-38,74,"Carlos Rodon","16137"
"607179","pitcher",1.90780598837872e-38,116,"Jordan Weems",NA
"607192","pitcher",3.0502192895061e-38,526,"Tyler Glasnow","14374"
"607200","pitcher",-2.7080297305013e-38,440,"Erick Fedde","17425"
"607219","pitcher",-1.56234846733415e-37,8,"Sal Romano","13690"
"607229","pitcher",-1.06066442745348e-37,142,"Robert Gsellman","13696"
"607231","pitcher",6.32136245315901e-38,122,"John Gant","13684"
"607237","pitcher",3.59904837404644e-38,140,"Amir Garrett","14375"
"607352","pitcher",-7.78615850464112e-38,54,"Joe Biagini","13194"
"607374","pitcher",3.87916326676425e-39,132,"Nick Tropeano","12385"
"607391","pitcher",-4.69169292827661e-38,272,"Chris Mazza","14151"
"607455","pitcher",-1.24613933749729e-37,72,"Anthony Banda","14706"
"607481","pitcher",4.92011783348141e-38,88,"Aaron Bummer","16258"
"607536","pitcher",-2.03152964533162e-38,608,"Kyle Freeland","16256"
"607555","pitcher",-3.47513810699513e-38,72,"Taylor Guilbeau","18306"
"607560","pitcher",-1.20435466233325e-38,216,"Ryne Harper","12680"
"607572","pitcher",2.04569869884788e-38,180,"Sam Howard","16265"
"607625","pitcher",-8.81284817552882e-39,318,"Seth Lugo","12447"
"607644","pitcher",5.49593525575589e-38,352,"John Means","16269"
"608032","pitcher",-4.90298581053388e-38,232,"Carlos Estevez","14542"
"608328","pitcher",-8.60186759707292e-38,76,"Chase De Jong","15036"
"608331","pitcher",6.20916011959235e-38,502,"Max Fried","13743"
"608334","pitcher",2.03582425625242e-38,92,"Carson Fulmer","18311"
"608335","pitcher",-5.85465079561616e-38,162,"Kyle Funkhouser",NA
"608337","pitcher",5.18673558711974e-38,624,"Lucas Giolito","15474"
"608344","pitcher",-7.98511805700387e-38,44,"Cole Irvin","19244"
"608348","pitcher",8.87291074046446e-38,8,"Carson Kelly","13620"
"608349","pitcher",1.70706682803494e-38,126,"Corey Knebel","15010"
"608371","pitcher",1.01138874354297e-37,226,"Lucas Sims","13470"
"608379","pitcher",-2.4109209826001e-39,312,"Michael Wacha","14078"
"608566","pitcher",8.46380390229489e-39,688,"German Marquez","15038"
"608648","pitcher",6.35560678699791e-38,202,"Tyler Duffey","13758"
"608652","pitcher",-4.44401134993351e-38,54,"Luke Farrell","15101"
"608665","pitcher",2.95156388011682e-38,154,"Kendall Graveman","15514"
"608678","pitcher",-8.04271177548791e-38,94,"Dominic Leone","13763"
"608700","pitcher",-2.19703364439484e-37,6,"Kevin Plawecki","13807"
"608717","pitcher",2.67465836955076e-38,264,"Chris Stratton","13761"
"608718","pitcher",4.81290311145304e-38,284,"Brent Suter","13942"
"608723","pitcher",-3.38679883322275e-38,446,"Austin Voth","15047"
"611093","pitcher",-3.96759949184672e-37,10,"Silvino Bracho","15051"
"612434","pitcher",2.24554330733702e-38,230,"Miguel Castro","15684"
"613534","pitcher",4.112473238469e-38,44,"Austin Adams","13801"
"614179","pitcher",1.34927791038892e-37,28,"Jose Ruiz","14552"
"615698","pitcher",5.56510393556303e-39,272,"Cal Quantrill","19312"
"620445","pitcher",-2.08667987898018e-37,46,"Jose Mujica",NA
"621005","pitcher",-4.42766830954669e-38,12,"Tim Lopes","14137"
"621011","pitcher",2.02200834864294e-37,6,"Max Schrock",NA
"621052","pitcher",1.62529041131821e-38,200,"Alex Reyes","15015"
"621076","pitcher",-1.08510718647135e-37,34,"James Kaprielian",NA
"621078","pitcher",-1.00062037446995e-38,142,"Brady Lail","14707"
"621097","pitcher",-2.10796584828117e-38,180,"Jacob Waguespack","18318"
"621107","pitcher",4.25160045104844e-38,490,"Zach Eflin","13774"
"621111","pitcher",1.79308508706017e-38,328,"Walker Buehler","19374"
"621112","pitcher",4.74638343942591e-38,28,"Paul Blackburn","14739"
"621121","pitcher",-3.62840489767127e-39,456,"Lance McCullers","14120"
"621129","pitcher",3.716035298781e-38,184,"Kyle Cody",NA
"621139","pitcher",-8.93583992420001e-38,44,"Brooks Kriske",NA
"621141","pitcher",-2.17187869264043e-38,146,"Walker Lockett","13804"
"621142","pitcher",-1.61326279776112e-39,218,"Ty Buttrey","14719"
"621219","pitcher",-1.80709482039942e-38,506,"Alec Mills","13834"
"621237","pitcher",-6.29003898586569e-38,90,"Jose Alvarado","17780"
"621242","pitcher",8.05409337407645e-38,218,"Edwin Diaz","14710"
"621244","pitcher",4.85401176495102e-39,580,"Jose Berrios","14168"
"621249","pitcher",-3.0250500645197e-39,174,"Duane Underwood","14677"
"621261","pitcher",-4.37450587460523e-38,110,"Corey Oswalt","13677"
"621290","pitcher",-4.0230755502456e-38,114,"Dakota Bacus",NA
"621294","pitcher",-5.38714806100443e-38,54,"Ben Heller","15100"
"621295","pitcher",-7.63343046611256e-39,204,"Nick Wittgren","15594"
"621345","pitcher",6.14233841892514e-38,172,"A. J. Minter","18655"
"621366","pitcher",4.25513890155532e-38,148,"Ryan Borucki","16350"
"621368","pitcher",4.02043655847549e-38,152,"Taylor Hearn","18325"
"621381","pitcher",3.22481499560376e-39,182,"Matt Strahm","13799"
"621532","pitcher",-1.04211573999033e-37,8,"Anthony Bemboom","13854"
"621593","pitcher",1.29541508768411e-37,10,"Anthony Castro",NA
"622065","pitcher",-5.52183497599964e-38,408,"Alex Young","18333"
"622072","pitcher",-1.60261136467005e-38,128,"Alex Wood","13781"
"622075","pitcher",3.13613078693259e-38,226,"Yency Almonte","15068"
"622088","pitcher",6.2407064474606e-38,284,"Tejay Antone",NA
"622092","pitcher",4.69509757470179e-38,182,"Kyle Zimmer","14169"
"622098","pitcher",-5.07331989193943e-39,56,"Drew Smith","17755"
"622250","pitcher",-5.85753132497207e-38,32,"Josh Sborz","18323"
"622251","pitcher",2.41176210623783e-38,226,"Josh Staumont","18335"
"622253","pitcher",1.31627686254729e-38,132,"Dillon Tate","17796"
"622256","pitcher",-1.74208987752291e-37,14,"Patrick Weigel",NA
"622490","pitcher",-1.40164040521393e-37,68,"Robinson Leyer",NA
"622491","pitcher",5.98534565844844e-38,630,"Luis Castillo","15689"
"622492","pitcher",6.71265665442606e-39,82,"Keury Mella","15964"
"622503","pitcher",5.2282368691783e-38,60,"Nabil Crismatt",NA
"622608","pitcher",-3.89949258177139e-39,606,"Antonio Senzatela","15488"
"622694","pitcher",3.9156759380913e-38,212,"Elieser Hernandez","16933"
"622772","pitcher",-1.69140146968071e-38,270,"Jimmy Cordero","15690"
"622780","pitcher",-5.43320877474237e-38,36,"Angel Perdomo",NA
"622786","pitcher",2.44677471548527e-38,64,"Jesus Tinoco","16300"
"623149","pitcher",-9.27670432549538e-38,70,"Paul Sewald","13892"
"623168","pitcher",-1.08924049538537e-37,6,"Tyler Heineman","13897"
"623352","pitcher",6.52255591115494e-38,164,"Josh Hader","14212"
"623364","pitcher",-2.15130386536984e-37,10,"Brad Wieck","16390"
"623433","pitcher",7.95345158649068e-38,136,"Nick Anderson","18337"
"623437","pitcher",3.8130438264752e-38,74,"Justin Topa",NA
"623454","pitcher",-2.70406941442709e-37,20,"Drew Anderson","15130"
"623465","pitcher",2.31796903908721e-38,136,"Evan Phillips","17734"
"623470","pitcher",-8.21423786536143e-39,188,"Jake Newberry","15136"
"623474","pitcher",-1.75822105911938e-38,172,"Jimmy Herget","17556"
"623485","pitcher",-1.22762732974596e-37,80,"Ashton Goudeau",NA
"624133","pitcher",-9.55396695997996e-38,52,"Ranger Suarez","17277"
"624407","pitcher",-1.70023851263514e-37,14,"Tzu-Wei Lin","14678"
"624418","pitcher",-8.57711282059932e-38,378,"Ryan Castellani",NA
"624586","pitcher",2.04859765809031e-38,122,"James Hoyt","14605"
"624647","pitcher",1.06804499931794e-37,160,"Victor Gonzalez",NA
"625643","pitcher",-4.77584321380505e-38,242,"Reynaldo Lopez","16400"
"626929","pitcher",-8.48081480948406e-38,154,"Lewis Thorpe","15906"
"628317","pitcher",6.48736888112262e-38,536,"Kenta Maeda","18498"
"628452","pitcher",4.27566607001338e-38,200,"Raisel Iglesias","17130"
"628711","pitcher",4.57521386877729e-38,474,"Julio Urias","14765"
"629498","pitcher",-1.2771288637231e-37,24,"Johan Quezada",NA
"630023","pitcher",-8.17545584612042e-38,104,"Yonny Chirinos","16401"
"630263","pitcher",-2.16812728955306e-37,38,"James Bourque","16668"
"640444","pitcher",-2.00213087854849e-37,92,"Wil Crowe",NA
"640448","pitcher",2.74534463398271e-38,206,"Kyle Finnegan",NA
"640451","pitcher",-3.07032129105521e-38,74,"Hunter Harvey","15507"
"640455","pitcher",1.84959913984906e-38,444,"Sean Manaea","15873"
"640470","pitcher",3.48036146292139e-38,174,"Adbert Alzolay","17859"
"641154","pitcher",5.00585622466681e-38,480,"Pablo Lopez","17085"
"641302","pitcher",-1.26135659439187e-38,304,"Tyler Alexander","17735"
"641312","pitcher",1.6473614852978e-38,136,"Shaun Anderson","19453"
"641341","pitcher",-4.81984253959299e-38,76,"Tyler Bashlor","15203"
"641360","pitcher",-1.32169103890263e-37,18,"Phil Bickford",NA
"641401","pitcher",8.63356173902073e-38,86,"Connor Brogdon",NA
"641420","pitcher",-9.02770991062756e-38,74,"Zack Burdi",NA
"641447","pitcher",-2.36245477211557e-38,254,"Daniel Castano",NA
"641482","pitcher",-1.09464742586223e-37,88,"Nestor Cortes","17874"
"641513","pitcher",-4.88671484621786e-37,14,"Travis Demeritte","15958"
"641540","pitcher",2.51208723994167e-38,292,"Dane Dunning",NA
"641576","pitcher",-6.52961869235091e-39,20,"Bernardo Flores",NA
"641582","pitcher",-7.79875933976104e-39,224,"Matt Foster",NA
"641627","pitcher",-1.28218993956475e-37,114,"Trevor Gott","15046"
"641645","pitcher",2.58095565178916e-37,6,"Luis Guillorme","16451"
"641656","pitcher",-1.01558628038551e-37,40,"Ian Hamilton","19261"
"641672","pitcher",-8.25180641716958e-40,230,"Tom Hatch",NA
"641712","pitcher",3.11092276567714e-38,300,"Dakota Hudson","19206"
"641726","pitcher",-1.029819770082e-37,26,"Daulton Jefferies",NA
"641729","pitcher",-5.10061148579853e-38,202,"Joe Jimenez","15761"
"641739","pitcher",5.45416375545935e-38,42,"Rob Kaminsky",NA
"641743","pitcher",-3.16796968203256e-38,194,"Anthony Kay","20387"
"641745","pitcher",1.51703169088367e-39,430,"Brad Keller","15734"
"641755","pitcher",2.85159498294573e-38,192,"Tyler Kinley","18297"
"641771","pitcher",-6.05193757588691e-38,396,"Chad Kuhl","14975"
"641778","pitcher",-8.79076687243541e-38,122,"Eric Lauer","19316"
"641793","pitcher",-2.35561143731253e-37,62,"Zack Littell","15823"
"641816","pitcher",3.82266686889687e-38,402,"Tyler Mahle","16358"
"641838","pitcher",-9.41795467012364e-38,58,"Kevin McCarthy","15240"
"641851","pitcher",6.42395881337001e-38,92,"Kyle McGowin","15071"
"641853","pitcher",-6.73258796572107e-37,6,"David McKay","19814"
"641871","pitcher",1.87175445731705e-38,106,"Keynan Middleton","15264"
"641907","pitcher",-1.37054284094936e-38,50,"Patrick Murphy",NA
"641941","pitcher",6.74392274227829e-39,200,"Emilio Pagan","14771"
"641995","pitcher",-7.2070464454985e-37,16,"Roel Ramirez",NA
"642003","pitcher",-6.32466530856374e-38,110,"Cody Reed","15232"
"642083","pitcher",5.29170825730699e-38,198,"Aaron Slegers","15231"
"642092","pitcher",7.06727734977347e-38,140,"Riley Smith",NA
"642098","pitcher",1.16241243256345e-38,54,"Glenn Sparkman","15200"
"642100","pitcher",-8.54553745673173e-38,60,"Gabe Speier","17170"
"642121","pitcher",-2.46430297373633e-39,198,"Cole Sulser","15256"
"642130","pitcher",5.40261649101042e-38,172,"Blake Taylor",NA
"642152","pitcher",3.83257794813569e-38,196,"Lou Trivino","15043"
"642203","pitcher",-8.75631364593023e-39,174,"Taylor Widener",NA
"642207","pitcher",1.36733721269856e-37,200,"Devin Williams","15816"
"642231","pitcher",-1.83261557608127e-37,26,"Jimmy Yacabonis","15157"
"642232","pitcher",1.38767102604422e-38,466,"Ryan Yarbrough","16502"
"642233","pitcher",3.10306216312387e-38,208,"Eric Yardley","15538"
"642397","pitcher",3.15957831578328e-38,196,"Gregory Soto","19677"
"642528","pitcher",-1.96182151986381e-38,210,"Jonathan Loaisiga","19753"
"642545","pitcher",5.39217909463863e-38,262,"Jaime Barria","18356"
"642546","pitcher",7.20567828428038e-38,250,"Jonathan Hernandez","17464"
"642547","pitcher",4.13434837920252e-38,258,"Freddy Peralta","18679"
"642558","pitcher",-1.30989641342994e-37,42,"Ariel Jurado","17030"
"642578","pitcher",4.25167680583566e-38,16,"Jose Rodriguez","17860"
"642584","pitcher",-8.874672190996e-38,116,"Franklyn Kilome",NA
"642701","pitcher",-2.59020672834472e-38,146,"Dennis Santana","17878"
"642770","pitcher",-5.79790127737434e-38,134,"Javy Guerra","17292"
"642840","pitcher",-4.35062176977647e-39,28,"Joe Harvey","16459"
"643230","pitcher",8.24387818902371e-39,356,"Steven Brault","15291"
"643256","pitcher",4.06455214034873e-38,108,"Adam Cimber","15288"
"643290","pitcher",-5.38929320504876e-38,394,"Justin Dunn","19268"
"643316","pitcher",7.83960950145019e-38,196,"Paul Fry","15832"
"643327","pitcher",-6.16923889872847e-38,286,"Zack Godley","14862"
"643338","pitcher",9.10872253021874e-38,210,"Chad Green","15552"
"643478","pitcher",2.19174312158862e-38,28,"Joe Palumbo","17035"
"643511","pitcher",5.47739161541612e-38,248,"Tyler Rogers","15541"
"643532","pitcher",-1.31778360410735e-37,58,"Sterling Sharp",NA
"643615","pitcher",-1.26173543759962e-38,94,"T. J. Zeuch","19269"
"643778","pitcher",1.92544921114678e-38,180,"Tyler Webb","14974"
"645261","pitcher",2.47185896449587e-38,402,"Sandy Alcantara","18684"
"645307","pitcher",-6.69331755372753e-38,54,"Ricardo Sanchez",NA
"647336","pitcher",-1.50633879623842e-38,114,"Mike Soroka","18383"
"650382","pitcher",4.24863217197501e-38,80,"Darwinzon Hernandez","19848"
"650530","pitcher",6.12121373899178e-39,186,"Bryan Garcia","19457"
"650556","pitcher",-9.07473565118601e-38,40,"Bryan Abreu","16609"
"650633","pitcher",-1.09199704327537e-38,242,"Mike King","19853"
"650644","pitcher",3.99684495740791e-39,628,"Aaron Civale","19479"
"650668","pitcher",-1.40072525962487e-37,98,"Humberto Mejia",NA
"650671","pitcher",-5.50297445053499e-38,40,"Jose Quijada","19200"
"650893","pitcher",-1.85122693079042e-38,206,"Genesis Cabrera","17490"
"650895","pitcher",4.85711283734444e-38,186,"Diego Castillo","17496"
"656004","pitcher",-2.43474125805001e-37,24,"Carlos Sanabria",NA
"656061","pitcher",-3.27858273769174e-37,22,"Albert Abreu",NA
"656186","pitcher",-5.27936548155855e-38,178,"Dan Altavilla","16507"
"656222","pitcher",4.80405508858648e-38,162,"Jalen Beeks","17192"
"656232","pitcher",-7.29218743943957e-38,296,"Brandon Bielak",NA
"656240","pitcher",-1.25510308730207e-37,32,"Scott Blewett",NA
"656257","pitcher",1.41461580176766e-37,10,"Jeff Brigham","16631"
"656288","pitcher",7.12874651860649e-39,480,"Griffin Canning","19867"
"656302","pitcher",-6.43949903330914e-38,516,"Dylan Cease","18525"
"656322","pitcher",2.05279923142207e-38,142,"Sam Coonrod","17264"
"656353","pitcher",-2.2546079503782e-37,26,"Tucker Davidson",NA
"656354","pitcher",-2.76717724412985e-38,64,"Austin Davis","17117"
"656382","pitcher",-9.29393733294552e-38,34,"Tommy Doyle",NA
"656420","pitcher",-9.34292909341524e-39,74,"J. P. Feyereisen",NA
"656427","pitcher",-1.35054612962966e-38,392,"Jack Flaherty","17479"
"656464","pitcher",-2.44220743271455e-38,154,"Kevin Ginkel","19876"
"656492","pitcher",2.48005087399348e-37,12,"Foster Griffin",NA
"656546","pitcher",-4.66908244773788e-38,206,"Jeff Hoffman","17432"
"656547","pitcher",-9.07740370885601e-39,200,"Jonathan Holder","16588"
"656548","pitcher",-2.5876615124891e-37,8,"Jordan Holloway",NA
"656557","pitcher",2.82723598583822e-38,126,"Tanner Houck",NA
"656605","pitcher",-4.7445249140913e-38,174,"Mitch Keller","17594"
"656685","pitcher",6.44235230189624e-38,122,"Brett Martin","17369"
"656725","pitcher",1.1823626706441e-37,20,"Alex McRae","16317"
"656756","pitcher",1.53442176394505e-38,386,"Jordan Montgomery","16511"
"656793","pitcher",-4.48710758157534e-38,180,"Nick Nelson",NA
"656794","pitcher",-6.3058437902944e-38,140,"Sean Newcomb","16943"
"656803","pitcher",-1.83129856173582e-37,18,"James Norwood","16440"
"656849","pitcher",3.17545686631599e-39,410,"David Peterson",NA
"656876","pitcher",4.76048387915088e-38,150,"Drew Rasmussen",NA
"656887","pitcher",6.00139200869182e-38,58,"Sean Reid-Foley","17034"
"656913","pitcher",-3.79977827645689e-38,36,"Seth Romero",NA
"656945","pitcher",3.48384904725069e-38,174,"Tanner Scott","17586"
"656954","pitcher",9.77352616700606e-39,464,"Justus Sheffield","17285"
"656970","pitcher",1.24323652359334e-38,144,"Devin Smeltzer","19487"
"656977","pitcher",-1.22322331764796e-37,40,"Chad Sobotka","17470"
"657024","pitcher",-1.08578109537837e-37,74,"Erik Swanson","16587"
"657031","pitcher",-6.24877765861976e-38,72,"Josh Taylor","17359"
"657044","pitcher",5.03249384063492e-38,236,"Ryan Thompson",NA
"657053","pitcher",-6.47409397835645e-38,240,"Touki Toussaint","16929"
"657097","pitcher",4.36829646387466e-38,78,"Jacob Webb","19274"
"657140","pitcher",-6.5729526065413e-38,334,"Kyle Wright","19665"
"657141","pitcher",-1.94205963824849e-37,134,"Jordan Yamamoto","17585"
"657240","pitcher",4.17053767720003e-38,110,"Julian Merryweather",NA
"657277","pitcher",-2.39549439485334e-38,494,"Logan Webb","17995"
"657376","pitcher",-4.50599334407977e-38,66,"Clarke Schmidt",NA
"657571","pitcher",1.10111727688849e-37,150,"Caleb Ferguson","19349"
"657611","pitcher",-1.11124806801748e-38,160,"Cam Hill",NA
"657612","pitcher",2.75598790922465e-38,164,"Tim Hill","16814"
"657624","pitcher",-8.21571879127275e-38,168,"Josh James","16794"
"658305","pitcher",-1.62766579799498e-37,32,"Edgar Garcia","19276"
"658431","pitcher",1.10133594726336e-37,36,"Adonis Medina",NA
"658551","pitcher",-1.62640287355361e-37,32,"Junior Fernandez","18496"
"659275","pitcher",6.14359444633986e-38,534,"Dinelson Lamet","17186"
"660271","pitcher",-1.57020273583657e-37,32,"Shohei Ohtani","19755"
"660422","pitcher",-5.1681291963299e-37,14,"Jorge Guzman",NA
"660431","pitcher",-1.98982260284879e-37,20,"Hector Perez",NA
"660600","pitcher",-3.30876830152999e-38,182,"Enoli Paredes",NA
"660623","pitcher",-3.27912314428701e-38,198,"Huascar Ynoa","20468"
"660761","pitcher",-2.83352975727914e-37,46,"Jose Suarez","19911"
"660813","pitcher",5.52459511028504e-38,184,"Brusdar Graterol","20367"
"660896","pitcher",3.35910102699168e-38,188,"Jorge Alcala","19459"
"661255","pitcher",8.80621696619425e-39,170,"Yoan López","17181"
"661440","pitcher",-1.68169632628313e-37,20,"Mauricio Llovera",NA
"663366","pitcher",-5.42631147829966e-38,60,"Beau Burrows",NA
"663399","pitcher",2.12679463893141e-38,28,"Brandon Waddell",NA
"663423","pitcher",-8.09819256513986e-38,66,"Trent Thornton","17948"
"663432","pitcher",4.40545319144139e-38,148,"Tanner Rainey","17610"
"663460","pitcher",-2.73211684785514e-38,442,"Kris Bubic",NA
"663465","pitcher",-1.06002539329078e-38,306,"Kolby Allard","18694"
"663474","pitcher",3.34128149936479e-38,274,"Triston McKenzie",NA
"663531","pitcher",-1.73905390775308e-38,98,"Logan Allen","18555"
"663554","pitcher",-8.1048624019013e-38,266,"Casey Mize",NA
"663734","pitcher",-7.22155109415378e-38,68,"Nick Neidert",NA
"663765","pitcher",-3.49444407309458e-38,170,"Jake Woodford",NA
"663770","pitcher",-7.95465316903462e-38,28,"Demarcus Evans",NA
"663776","pitcher",-2.50825186558966e-38,318,"Patrick Sandoval","19447"
"663878","pitcher",1.49011333889832e-38,174,"Nate Pearson",NA
"663903","pitcher",2.16997397808364e-38,526,"Brady Singer",NA
"663978","pitcher",-2.073170854237e-38,526,"Chris Paddack","20099"
"663992","pitcher",-3.36043439873765e-37,8,"Richard Lovelady","19337"
"664042","pitcher",-2.37165873876089e-38,232,"Travis Lakins","18600"
"664045","pitcher",-4.82655052574481e-38,290,"Thomas Eshelman","18361"
"664054","pitcher",-1.61524956297068e-38,128,"Cody Stashak","18088"
"664062","pitcher",4.08789362588935e-38,352,"Tony Gonsolin","19388"
"664069","pitcher",2.2870817196972e-38,68,"Ben Braymer",NA
"664074","pitcher",-3.31173828410262e-38,132,"Cody Ponce",NA
"664076","pitcher",-2.91091291588804e-37,8,"Garrett Cleavinger",NA
"664092","pitcher",6.08765234581927e-38,70,"Sean Poppen","19583"
"664126","pitcher",4.52799688906532e-38,244,"Pete Fairbanks","17998"
"664129","pitcher",-2.039743935381e-38,202,"Geoff Hartlieb","19558"
"664139","pitcher",-5.31817021715687e-38,118,"Ian Gibaut","17871"
"664141","pitcher",4.25115986371748e-39,412,"JT Brubaker",NA
"664157","pitcher",-3.28064633630988e-38,74,"Travis Bergen","18581"
"664180","pitcher",-1.5509593926687e-37,108,"Matt Hall","18076"
"664192","pitcher",-5.23046163449577e-38,64,"Joey Lucchesi","19320"
"664199","pitcher",-1.10601211437167e-38,362,"Taylor Clarke","17611"
"664208","pitcher",7.19205965077185e-38,214,"Phil Maton","18064"
"664285","pitcher",2.45447427942152e-38,612,"Framber Valdez","17295"
"664299","pitcher",5.95737459129758e-38,448,"Cristian Javier",NA
"664337","pitcher",-4.72420100315145e-38,58,"Miguel Yajure",NA
"664350","pitcher",5.13085922989112e-38,362,"Sixto Sanchez",NA
"664353","pitcher",-1.26051404788114e-38,268,"Jose Urquidy","18413"
"664682","pitcher",-1.22333008537471e-37,26,"Ryan Meisinger","18105"
"664714","pitcher",1.58491022752397e-38,136,"Ljay Newsome",NA
"664854","pitcher",-1.68015148256455e-38,114,"Ryan Helsley","18138"
"664856","pitcher",-3.43266945296264e-38,80,"Chance Adams","18135"
"664918","pitcher",1.29687821927243e-38,26,"Kyle Keller","18890"
"664948","pitcher",2.72268819211573e-38,164,"Anthony Misiewicz",NA
"664977","pitcher",3.7533236864583e-38,32,"Blake Cederlind",NA
"665001","pitcher",-9.07274046856685e-38,38,"Trevor Kelley","18454"
"665093","pitcher",-1.76767221192647e-37,92,"Zac Grotz","18256"
"665152","pitcher",-1.44701945068916e-38,166,"Dean Kremer",NA
"665620","pitcher",-1.37549130727365e-38,292,"Deivi Garcia",NA
"665621","pitcher",-8.07402555315063e-38,192,"Rony Garcia",NA
"665733","pitcher",-2.31799889284436e-37,70,"Antonio Santos",NA
"665759","pitcher",-7.09861507971918e-38,92,"Ramon Rosso",NA
"666120","pitcher",8.32259246584037e-38,320,"Ian Anderson",NA
"666129","pitcher",-7.93789386006236e-38,68,"Braxton Garrett",NA
"666200","pitcher",2.51158530966713e-39,528,"Jesus Luzardo","19959"
"666204","pitcher",-8.2119157528167e-38,16,"Dany Jimenez",NA
"666622","pitcher",-2.24141995515923e-37,14,"Brailyn Marquez",NA
"666674","pitcher",-9.74333804395451e-38,14,"Edwar Colina",NA
"667463","pitcher",1.48986792801508e-38,102,"John King",NA
"667465","pitcher",-9.69672251968672e-38,58,"Aaron Fletcher",NA
"667498","pitcher",-1.43682020393151e-37,112,"Robert Dugger","19191"
"668338","pitcher",-1.61576340999412e-37,40,"Tyson Miller",NA
"668676","pitcher",3.73912493101623e-38,414,"Zach Plesac","19979"
"668678","pitcher",2.54676163273416e-38,582,"Zac Gallen","19291"
"668687","pitcher",2.60464180784035e-38,202,"Andre Scrubb",NA
"668941","pitcher",-1.67250818753398e-38,94,"JoJo Romero",NA
"669060","pitcher",-3.71498277136353e-38,146,"Bryse Wilson","19990"
"669064","pitcher",1.52962982348565e-38,60,"Brandon Bailey",NA
"669145","pitcher",-5.89733581466267e-38,62,"Bruce Zimmermann",NA
"669160","pitcher",1.10547833575992e-38,448,"Dustin May","19716"
"669203","pitcher",4.84964892067388e-38,482,"Corbin Burnes","19361"
"669211","pitcher",-1.64816046969616e-39,232,"Keegan Akin",NA
"669214","pitcher",2.009523883387e-38,90,"Conner Menez","19199"
"669270","pitcher",-2.01378018687679e-38,26,"Joel Kuhnel","19995"
"669289","pitcher",-1.14692359355133e-37,22,"Santiago Espinal",NA
"669373","pitcher",-4.75018830901631e-40,268,"Tarik Skubal",NA
"669424","pitcher",1.74729345656189e-37,16,"Jimmy Lambert",NA
"669432","pitcher",3.33955486518621e-38,260,"Trevor Rogers",NA
"669456","pitcher",6.51265542642413e-38,644,"Shane Bieber","19427"
"669459","pitcher",-3.70231468624242e-37,12,"Kyle Nelson",NA
"669952","pitcher",1.15280690920785e-37,22,"Mitch White",NA
"670056","pitcher",1.46267022386199e-38,176,"Caleb Baragar",NA
"670167","pitcher",-3.08134606907031e-39,138,"John Schreiber","20020"
"670280","pitcher",-1.05896842120039e-37,64,"David Bednar","19569"
"670329","pitcher",-4.43627851676594e-38,88,"Rico Garcia","20023"
"670426","pitcher",1.69321367553557e-38,50,"Phillip Diehl","20030"
"670550","pitcher",-8.6215535348095e-38,90,"Nivaldo Rodriguez",NA
"670712","pitcher",3.23072071838727e-37,2,"Mike Brosseau","19683"
"670912","pitcher",-7.58224389709677e-38,224,"Johan Oviedo",NA
"670950","pitcher",-1.38589948765413e-38,300,"Trevor Richards","19309"
"670970","pitcher",-2.79081225399199e-38,182,"Adrián Morejón","20039"
"670990","pitcher",6.94780700371828e-39,186,"Yohan Ramirez",NA
"671790","pitcher",-1.74870483239822e-37,42,"Ronald Bolanos","20041"
"672335","pitcher",2.84566660251168e-38,62,"Cionel Pérez","19614"
"672578","pitcher",-7.63448263804957e-38,134,"Carlos Hernandez",NA
"672715","pitcher",-1.04182328925897e-39,180,"Luis Patino",NA
"672911","pitcher",-1.44335772125018e-37,14,"Jesus Cruz",NA
"673258","pitcher",-1.90999158473645e-38,46,"Michel Báez","20100"
"673633","pitcher",-7.64366557378122e-39,126,"Yoshihisa Hirano","19756"
"675916","pitcher",6.80119603768258e-38,224,"James Karinchak","20151"
"675921","pitcher",-2.97681191381476e-39,226,"Spencer Howard",NA
"676051","pitcher",2.66526774036452e-38,204,"Codi Heuer",NA
"676220","pitcher",-3.6012388179552e-38,104,"Seth Elledge",NA
"676596","pitcher",4.77103851475658e-38,262,"Josh Fleming",NA
"676604","pitcher",-3.51674319037769e-38,196,"Tyler Zuber",NA
"676606","pitcher",1.95623299071602e-39,336,"Nick Margevicius","20395"
"676831","pitcher",-1.45873115891066e-37,38,"Kodi Whitley",NA
"676886","pitcher",-2.79638677668565e-37,6,"Jeremy Beasley",NA
"676979","pitcher",1.60666292704164e-37,48,"Garrett Crochet",NA
"677651","pitcher",2.86735752932715e-39,98,"Luis Garcia",NA
"677976","pitcher",1.44331331130603e-38,400,"Randy Dobnak","23798"
"680692","pitcher",-2.70918363322552e-37,58,"Jonathan Stiever",NA
"680702","pitcher",-1.31454391595094e-38,124,"Joey Gerber",NA
"681911","pitcher",-8.20158777023288e-38,54,"Alex Vesia",NA
"683232","pitcher",-7.64181141649442e-38,52,"Nick Mears",NA
"685493","pitcher",-1.12961327915372e-38,240,"Shun Yamaguchi",NA
